id,name,email,username,password,birth_date,account_status
2,Darius Mulloch,dmulloch1@smugmug.com,dmulloch1,pU9*X8xiD(,1976-02-16,suspended
4,Osbourn Isham,oisham3@usda.gov,oisham3,"bC4?k'VM,w9SA",2005-07-24,suspended
5,Agata Moggle,amoggle4@360.cn,amoggle4,oR9/+yf3yx8#_,1995-03-24,active
6,Aylmar Fieldsend,afieldsend5@upenn.edu,afieldsend5,"wM4@7ymd""&B",1996-12-29,suspended
7,Wilden Allabush,wallabush6@usnews.com,wallabush6,sJ7*qoK(d%sXPUI6,1987-04-23,active
9,Mikol Glison,mglison8@is.gd,mglison8,oG4$3Y_9xhXb,1984-05-12,suspended
10,Lauren Habercham,lhabercham9@slideshare.net,lhabercham9,tZ8{{|1~lAqr|gF,2015-10-21,active
11,Maisie Swinnerton,mswinnertona@ezinearticles.com,mswinnertona,vE9!uDe@w?(IXbo,2015-02-21,active
12,Tiena Geeraert,tgeeraertb@example.com,tgeeraertb,vO8>h\(vCnGxuJy,1977-12-05,inactive
13,Gregoor Gooke,ggookec@51.la,ggookec,tC7}OXR+Bf7N9q/?,2015-10-23,active
14,Conroy McKeand,cmckeandd@yellowbook.com,cmckeandd,zB1`nZO=I!e_n.F,1973-10-21,active
15,Lev Lelliott,llelliotte@rakuten.co.jp,llelliotte,uT7(1I_}xW6,1987-11-04,active
16,Shannen Petyanin,spetyaninf@squarespace.com,spetyaninf,aM5`2~H9),2006-01-12,active
17,Cody Wroth,cwrothg@issuu.com,cwrothg,"jX1,YUfv%wk`j+j",1987-11-25,active
18,Corry Connelly,cconnellyh@canalblog.com,cconnellyh,"gV8#,s{Aw_a",1990-12-03,suspended
19,Rasia Rentelll,rrentellli@1und1.de,rrentellli,gI5<@/}*w~dtYH#,2003-12-07,inactive
20,Saidee Dallender,sdallenderj@biglobe.ne.jp,sdallenderj,"mD9`&EDk!m""Q5",1970-08-16,suspended
21,Agnella Guyonnet,aguyonnetk@jigsy.com,aguyonnetk,"tT6""!KB)Ak)S",2020-05-11,suspended
22,Steven Aleswell,saleswelll@go.com,saleswelll,wD7@b10!ZUnZ,1995-06-04,active
23,Mechelle Ivory,mivorym@who.int,mivorym,"wA0,oQ!TsIyjr",1981-07-17,suspended
24,Val Keddey,vkeddeyn@opera.com,vkeddeyn,"zK9,5?,h?g4{j*6o",2007-04-20,active
25,Shir Diddams,sdiddamso@noaa.gov,sdiddamso,iY3#$JqqWw,1995-03-18,active
26,Ross Gibbetts,rgibbettsp@google.de,rgibbettsp,uQ9$l4jK}J77e.`,1994-01-25,active
27,Alexandra Enston,aenstonq@fema.gov,aenstonq,pP3<8tuOWy,2004-06-22,inactive
28,Damara Alecock,dalecockr@pen.io,dalecockr,zQ6+V*Cd9,1994-06-01,inactive
29,Florentia Farfoot,ffarfoots@upenn.edu,ffarfoots,kB4#Q0Vz,2019-08-20,suspended
30,Sheila-kathryn Monks,smonkst@4shared.com,smonkst,"eP4""O$L,""",1980-06-27,inactive
31,Austina Rizzini,arizziniu@mediafire.com,arizziniu,iX4)@D8o3N5,2018-09-24,suspended
32,Ryon Ryley,rryleyv@mit.edu,rryleyv,aS4<AJ%?8/+7VN2,2004-10-13,suspended
33,Yanaton Mulroy,ymulroyw@ow.ly,ymulroyw,fZ9/u#3s,2023-11-10,suspended
34,Lil Gellately,lgellatelyx@nationalgeographic.com,lgellatelyx,"sQ5.e""PuEJGBC5@",1972-11-17,active
35,Horatius Morrall,hmorrally@tmall.com,hmorrally,"sV4""JBdQKSrak",2013-08-01,inactive
36,Rowen Sanders,rsandersz@java.com,rsandersz,vU1.KBL`L5h*Y,2003-03-13,active
37,Mycah Morratt,mmorratt10@rediff.com,mmorratt10,qN5=%`#_&6x,1994-06-07,active
38,Gery Wayper,gwayper11@java.com,gwayper11,uV7}zc9<.?H.+,2025-02-17,active
39,Reg Madine,rmadine12@mapy.cz,rmadine12,"aM1',tEq<",2012-07-21,inactive
40,April Heritege,aheritege13@weather.com,aheritege13,oO1+2Y*)J/4C,2005-01-31,inactive
41,Zena Scarse,zscarse14@sohu.com,zscarse14,cV3'<O=$mfk,2002-02-27,active
42,Stu O'Teague,soteague15@etsy.com,soteague15,"vQ3$(""19",2021-05-25,active
43,Sallyann Antoszczyk,santoszczyk16@slideshare.net,santoszczyk16,zM0`T`2x4a~&,2017-03-23,active
44,Humphrey Chastaing,hchastaing17@nature.com,hchastaing17,aY8~v<WTf,1991-11-13,active
45,Malena de Amaya,mde18@earthlink.net,mde18,"pS5>=h|},@'JwU{G",1980-01-13,suspended
46,Helge Narbett,hnarbett19@independent.co.uk,hnarbett19,"lE1,N$zwo/*",1998-09-04,inactive
47,Cyndia Aleksankov,caleksankov1a@hao123.com,caleksankov1a,"iE3*XCDMDmS)""uu",2010-01-30,suspended
48,Birgit Laxtonne,blaxtonne1b@google.it,blaxtonne1b,xR8+wK3{eTKQ<oU,1994-11-20,inactive
49,Rozella Bixley,rbixley1c@imgur.com,rbixley1c,kB8_J$b%w=/cY,2024-09-17,suspended
50,Marjory Castiglione,mcastiglione1d@dagondesign.com,mcastiglione1d,dY5*2o%=3',1982-09-14,inactive
51,Luis Daniel Viquez,luisdaniel3113@hotmail.com,dako3113,123456,1990-05-14,active
52,Daniel,dani@gmail.com,dani45,123456,1990-05-14,active
53,Daniel,dani@gmail.com,dani45,123456,1990-05-14,active
8,Friederike Tuffs,ftuffs7@wunderground.com,ftuffs7,yQ1~k1I$tN,1979-12-20,suspended
1,Hadria Deere,hdeere0@census.gov,hdeere0,pI7+3vwYC_yS,2013-06-02,suspended
3,Maisey Grigorey,mgrigorey2@51.la,mgrigorey2,aA1(oO<>}N0R_#Yf,2018-02-05,suspended
54,Daniel,dani@gmail.com,dani45,123456,1990-05-14,active
55,Christina Bell,sharris@example.org,xcarlson,#E2O&5+z,1996-05-07,inactive
56,Billy Medina,brewerandrew@example.com,galvanlori,@4_HzVIy,1954-09-12,inactive
57,Tristan Skinner,aweber@example.net,gwendolynthompson,J(0Iunjc,1970-09-02,inactive
58,Amber Washington,brian27@example.org,vanessawright,ZS7_98Tf,1966-03-29,inactive
59,Brooke Kennedy,darrentaylor@example.net,courtney18,q#r3i&Vx,1962-03-26,inactive
60,Stephen Black,fdorsey@example.com,lauradavenport,$P9x0JzT,1962-11-03,inactive
61,Amy Hall,vhenry@example.org,ncasey,0##Y6N4u,1990-05-29,inactive
62,Jeanne Davila,sandramarsh@example.net,nicole09,8h+nl4Wn,1958-12-14,active
63,Scott Green,laurie22@example.org,brownrichard,$)@A82Cy,1990-10-02,suspended
64,Deborah Gonzalez,qroy@example.com,erika49,9&1yTlLB,1978-10-08,active
65,Kimberly Flores,pedro82@example.org,michellecortez,#DTCD7Zx,2002-02-07,inactive
66,Tricia Jackson,skinnerrachel@example.org,hgibson,i0+0q_Aa,1979-02-24,inactive
67,Patrick Jones,benjamin70@example.net,wboyd,*8Omp7@7,1980-01-21,inactive
68,Jennifer Kline,emoore@example.net,ericcarr,$6Mzd_wT,1972-10-30,active
69,Joshua Humphrey,randy00@example.org,lmoore,fe_3D^ll,1973-04-08,inactive
70,Paul Butler,margaretwise@example.com,robertbrown,_6HJtiCq,2005-06-03,active
71,Michael Colon,yvonnenielsen@example.org,rachel20,)J2elEq4,1973-05-05,active
72,Michelle Barry,kimberly73@example.com,martinezerika,j+1Wx%js,1968-05-18,active
73,Christopher Hobbs,aperry@example.com,martin52,Ed!7B4Uv,1981-04-19,active
74,Brittney Little,ethan63@example.org,qyoung,)u4BJ*5r,1972-07-05,suspended
75,Edward Nguyen,bruceburns@example.net,angela84,#hV3J+Re,2002-07-09,suspended
76,Rachel Duran,robertlane@example.net,perezrenee,xi^&8mYt,2006-01-25,suspended
77,William Rodriguez,manueltucker@example.net,nataliemarshall,m^y1QC2h,1995-12-06,active
78,Linda Williams,joseph30@example.org,hermandestiny,%Q2HJX9a,1986-06-22,suspended
79,Melinda Harris,haley44@example.org,wbarry,73!+4Cge,1988-11-19,suspended
80,Jessica Grant,benjamindavis@example.org,nsparks,&9GVu1F_,1994-02-09,active
81,George Morrison,chelsea80@example.com,montgomerygeorge,Q4$6K%Io,1981-01-11,active
82,Seth Frank,megan70@example.com,taylortaylor,*6J$xxij,1980-08-24,inactive
83,Linda Williams,zcollins@example.com,tyronephillips,R*8Y9S0s,2002-05-05,suspended
84,Tiffany Kaufman,riceluke@example.com,mooneysarah,Z%4PTlyw,2004-10-25,inactive
85,Edward Davis,andrea23@example.net,colemanrussell,$72zSn$6,1988-07-04,suspended
86,Russell Conrad,brownstephanie@example.com,daltonpeters,_%nY3uOl,1962-05-26,suspended
87,Joshua Turner,luke20@example.net,xgonzales,xq#2I@hY,1984-05-15,suspended
88,Susan Jefferson,tracy77@example.net,gonzalezchristopher,(2L$5MZt,2004-04-06,active
89,Ricky Brown,jeffreyarroyo@example.net,fburton,*bg8PshK,1998-12-15,suspended
90,Chelsea Nguyen,juliebailey@example.org,mavila,(04oTEAr,1985-08-01,active
91,Miranda Andrade,jessica30@example.org,william16,2$+5&)Wr,1996-09-01,inactive
92,James Nielsen,enavarro@example.com,melindaphillips,%4DazwxC,1977-07-25,suspended
93,Heather Brown,gtrevino@example.com,thompsonapril,^X(1VzCp,1976-12-22,suspended
94,Michael Williams,carlaberry@example.org,taylor27,m)7XGfdS,1958-02-20,inactive
95,Justin Bird,annadominguez@example.net,michelecohen,K+3Uj7ek,1992-04-09,suspended
96,Kevin Walker,robin63@example.net,dustinvelazquez,(0chVYQj,1964-03-15,active
97,Brian Garrett,jeffreybradley@example.com,toddbell,CU$6Iu+u,1970-01-21,active
98,Dylan Ryan,creynolds@example.net,jonathanbryant,&KZ9CDgp,1998-03-03,suspended
99,Ryan Davis,jessica95@example.net,tmiller,$4MTLbn1,2004-05-03,suspended
100,Christopher Ibarra,tgray@example.org,harriskaren,Q8@H4aFq,1989-06-17,inactive
101,Justin Anderson,amy21@example.com,matthew79,$a4v2NWv,1994-02-07,inactive
102,Robert Wade,lopezamanda@example.com,christinabell,(9GKl)J3,2004-11-21,inactive
103,Michael Stewart,wdunn@example.net,owebb,#9W52Ut&,1988-07-31,active
104,Christopher Jones,janicejohnson@example.net,igarcia,^5KZjU7v,1970-05-23,suspended
105,Emily Cherry,cbarnett@example.net,felicia79,)#md3Dpi,1963-02-25,inactive
106,Lawrence Jordan,goodmanbrandi@example.org,tgaines,l#8CCHj7,1972-02-24,suspended
107,Jennifer Figueroa,hallamanda@example.org,ilong,IR&5XN9v,1988-01-11,suspended
108,Claire Weeks,samantha76@example.com,spatterson,l0D_%9Qa,1973-11-16,suspended
109,Russell Barrera,noblecorey@example.com,derrick89,^Eu7HXxq,1992-09-13,suspended
110,Dawn Parker,hillbarbara@example.org,lisagarcia,^8a_iJ5l,1978-01-18,suspended
111,Penny Mitchell,zcooper@example.net,brianhobbs,2@pi6Wfn,2006-05-12,inactive
112,Kyle Morales,moorejessica@example.net,sylvia76,d)W4rFvi,1966-09-24,inactive
113,Andrea Gibbs,wanderson@example.org,edwardstimothy,6h^2FbpV,1963-09-24,active
114,Adam Collins,laura84@example.org,deborah99,(0HdPCiN,1958-12-18,active
115,Cassie Duran,tracydudley@example.org,john26,^3UykoDx,1973-07-12,active
116,Mrs. Natasha Joseph,blake97@example.com,gellis,$^7AkE&p,1996-09-13,suspended
117,Alejandro Stevens,kempjennifer@example.com,bateskatherine,^po#4VGj,1977-11-11,active
118,Karina Jackson,camposbrittney@example.com,ginajohnson,f6w)9Anz,2000-04-20,active
119,Antonio Jimenez,andrew21@example.com,hartsylvia,xrY)9rTj,1986-03-23,inactive
120,Michael Cox,megan83@example.org,lisa73,7b*8&Vth,1958-10-19,active
121,Catherine Wilson,ricemichael@example.net,weisscarlos,b_i0bdBf,2001-06-14,suspended
122,Shelby Wade,smithkristy@example.net,jpineda,$8%3Vp*j,1978-05-19,active
123,Amanda Dominguez,hortontodd@example.org,scott67,&fG2DP9c,2005-08-31,suspended
124,Alicia Williamson,campbellwilliam@example.com,jonathanhall,cn+3RGyf,1979-11-18,inactive
125,Jaclyn Marshall,myerskyle@example.com,gregory28,z+4lp8Me,1995-06-17,suspended
126,Diane Davis,gutierrezcarrie@example.net,stricklanddylan,!+y)7Ndv,2002-12-28,inactive
127,Scott Whitney,jennifermiller@example.org,jamesramos,j)$6tH6o,1986-12-28,inactive
128,George Thomas,tclay@example.com,youngnicholas,GqP@2FFx,1986-08-14,suspended
129,Larry Morris,hannah64@example.com,emendoza,f5%2aPFn,1968-06-19,active
130,Frederick Miller,yellis@example.org,princemark,^8IU3uD5,1958-04-15,active
131,Jonathan Byrd,pagebrittany@example.net,itownsend,^b9EeVXl,1997-11-17,suspended
132,Lori Cisneros,jasonmerritt@example.org,robert83,#7nsGNwl,1989-08-23,suspended
133,Robert Edwards,myersnicole@example.net,victoria67,#9oNjhoh,1974-06-20,suspended
134,Mark Lopez,maxwell63@example.org,ebennett,E+GQ1GKh,1980-12-22,active
135,Jesus Carlson,samuel56@example.org,melissa20,_@q8XYhv,1989-11-15,inactive
136,Dana Page,xnguyen@example.com,davidramirez,*7fQPKwm,1983-04-07,suspended
137,Dr. Suzanne Hart,aknight@example.net,lynchmary,a)q1YHg),1999-07-09,inactive
138,Justin Wallace,mercermichelle@example.com,victoria53,m!n0WSc8,2001-06-11,active
139,Amber Pierce,abigailhill@example.org,katelyncox,tF!5CT&j,2007-05-30,inactive
140,Victoria White,matthew41@example.com,aliciazhang,xrg^0Sp^,2004-09-14,suspended
141,Kathleen Vasquez,harringtonmichaela@example.com,austingonzalez,&5PCgf5y,1958-04-06,inactive
142,Vanessa Silva,stephaniecollins@example.net,jnelson,%X7Ka2Bp,2006-10-28,inactive
143,Adrian Waller,davidhardy@example.com,nguyenmichael,%1CPotnl,1982-03-17,active
144,Cindy Gray,crystalwalters@example.org,mayermary,0*1w$C$i,1962-07-11,active
145,Samantha Paul,roweamy@example.org,valerie18,#D1B4xK^,1986-06-26,active
146,Mrs. Diana Chapman MD,dennisdennis@example.com,harristammy,)u9U@v#j,1985-08-15,active
147,Paige Armstrong,stephanie37@example.org,nwilliams,_S6I1KPi,1999-07-07,inactive
148,Jacqueline Martinez,james40@example.com,nathanielmarquez,Zc%&2uFf,1982-03-12,active
149,Brandon Hansen,manderson@example.com,icallahan,_+3B6EhQ,1990-08-20,inactive
150,William Mckenzie,crystal32@example.net,tonya39,)0!Qjvju,1969-08-05,active
151,Mary Johnson,phamjohn@example.net,brandiwatson,_F6Mb&uY,1989-09-09,suspended
152,Bryan Thompson,tanyaoconnor@example.com,michelelong,%y#6^Ivs,1973-12-17,inactive
153,Gabrielle Henry,hwells@example.net,powerssheila,#6JjsCdj,1995-04-18,suspended
154,Peter Spence,pgray@example.com,ronnievillarreal,$49oKOnZ,1986-01-28,inactive
155,Christine Phillips,meadowsrobin@example.com,zachary29,_MbqV3Mf,1960-10-02,suspended
156,Paula Taylor,akeller@example.net,rharvey,&0Cq1vVo,1997-10-17,inactive
157,Terry Barber,zclark@example.org,porterjohn,S%k1Rovu,1984-02-22,inactive
158,William Jones,mandy87@example.org,reesesharon,%e5MIYmy,1954-12-17,active
159,Julian Haynes,campbellwhitney@example.com,michael90,$8JiZy9i,1990-09-15,suspended
160,Steven Burgess,christophersweeney@example.net,abrooks,_E3)B2pp,2003-04-20,suspended
161,Robert Romero,alyssahampton@example.org,greenaaron,&G0JaZsV,1995-01-28,active
162,Carla Patel,kevinjohnston@example.net,samanthasmith,^3GUskFq,2006-03-04,active
163,Steven Thomas,mary65@example.com,matthew16,#2$SdQht,1956-01-28,suspended
164,Angela Thomas,brandon17@example.org,bgraham,@*0FlV#y,1959-03-08,inactive
165,Nathan Fisher,david05@example.com,pblack,@9+ZqBzm,1976-02-26,inactive
166,Daniel Franklin,fisherkimberly@example.org,kevin87,&RIC9GLm,1956-02-21,inactive
167,Ian Waters,pamburton@example.net,swarner,n_BH1X4o,2001-01-12,active
168,Jessica Vazquez DVM,robertsmark@example.net,jennifer67,(1YyDcov,1999-01-23,suspended
169,Christopher Gentry,jasonking@example.org,gcruz,U_F3RKSw,1965-04-21,inactive
170,Christopher Kennedy,pward@example.net,greenkimberly,e*6uxIjw,1984-02-13,suspended
171,Thomas Thomas,samuel00@example.com,lisagiles,j!1!5rMy,1983-02-15,inactive
172,Donna Jensen,yclayton@example.net,lisasullivan,)&8TK3Si,1979-04-07,inactive
173,Carolyn Jones,tfarrell@example.net,rodriguezgregory,(3)eVPph,1982-09-09,inactive
174,Matthew Shea,helen45@example.net,danielortiz,E(SA4Nhn,2005-01-19,active
175,April Harvey,cindy81@example.org,holmeslatoya,96&9D&pV,1963-07-29,suspended
176,Daniel Fernandez,tliu@example.org,campbelljordan,_21@lPAx,1988-10-02,active
177,Gregory Donaldson,ibrown@example.com,michaeljenkins,i!2Q+uRm,1994-02-09,inactive
178,John Valdez,butlermary@example.net,pmills,2j_s5Wzj,1993-08-23,inactive
179,Suzanne Klein,emmatorres@example.net,ericdelgado,yK@i6IDr,1988-11-28,active
180,David Compton,monicataylor@example.com,nicolelawrence,K_2onBsw,1978-10-25,suspended
181,Jackson Guzman,yeseniaeaton@example.org,tranamanda,C_)XA1Gs,1979-04-28,inactive
182,Donna Soto,tthompson@example.net,rpierce,O+%g(0Bp,1997-10-21,inactive
183,Billy Hamilton,terickson@example.org,royrobinson,)5p2Z)ze,2004-06-28,suspended
184,Jaime Carpenter,karenpark@example.com,tarabrooks,q4+Y5AEr,1994-10-25,inactive
185,Teresa Walker,patricia12@example.net,brian39,$9BG0zhi,1975-01-13,suspended
186,Kevin Norris,larryhuff@example.com,brian33,_5H@KxLq,1980-05-11,active
187,Amy Love,danderson@example.com,zcollins,1DqD!0As,1986-04-25,inactive
188,Krystal Banks,sarahrobinson@example.com,stewartnicole,pI^6ShLz,1955-12-25,active
189,Katelyn Mercado,wkelley@example.org,nmoore,*H6c4uFz,1964-05-13,inactive
190,Jose Reynolds,jerome73@example.org,stephaniestone,x)4VL@Gl,1999-10-30,inactive
191,Ronald Graham,mitchell48@example.org,nancy99,3_1Xim(H,1971-08-10,active
192,Patrick Burgess,zjones@example.com,mitchellbruce,X!)h*0Hy,1988-01-20,inactive
193,Sean Gonzalez,plee@example.net,rmoreno,_&u24HXm,1983-07-01,inactive
194,Lisa Carter,ortizfrancisco@example.org,jason96,(9qKfiKu,1956-09-03,active
195,Sandra Murray,jasonstewart@example.com,laura93,g)c5H#Ey,2002-10-07,active
196,Kelly Ryan,tyork@example.com,kristen78,S)5Ygmab,1975-08-24,active
197,Alexis Ball,robertsdonald@example.com,christine47,!70PxR!s,1963-07-19,suspended
198,David Scott,brewerrhonda@example.net,cindyfischer,j!3!8Nab,1964-08-05,active
199,David Aguilar,lozanochristina@example.org,ryan27,7!5Fiqyp,2006-03-06,active
200,Donna Garcia,billy46@example.com,roweapril,_8T(lYaZ,1957-03-09,suspended
201,Richard Roberts,khatfield@example.com,john05,B*RG2Mwf,1974-08-14,active
202,Ariana Nunez,christopher67@example.org,wfreeman,_ruQ9Hup,2006-07-31,active
203,Tara Miller,millerrebecca@example.net,anthonyanderson,(9TIBLct,1988-01-19,active
204,Michael Sanchez,glenmccoy@example.com,nmcdaniel,&4RDnJ2d,1991-09-21,active
205,Logan Pearson,eedwards@example.com,chelsea07,^pG9LYsI,1966-03-28,suspended
206,Jenny Hunt,kyle63@example.net,baldwinbrandy,$2%G(aLW,1968-12-26,suspended
207,Kimberly Myers,dustin93@example.com,julie56,!2!bGd*V,2001-04-26,active
208,Patricia Arias,oallen@example.com,mgarcia,_5xKArR),1992-02-02,inactive
209,Jill Gibson,richard35@example.com,mccormicklaurie,)c5Rt1Cn,1975-05-14,active
210,William Hoffman,robertswilliam@example.net,matthew31,^f5MWkmn,2004-06-01,inactive
211,James Rhodes,lwillis@example.org,kimberlymiller,k*pU9)Hb,2001-09-03,inactive
212,Colton Newman,bcooper@example.com,zacharylynch,#M2hWfNm,1985-06-02,suspended
213,Rodney Austin,andrea78@example.com,alyssa94,P^b1WFRz,2005-12-17,suspended
214,Mariah Giles,gallowayblake@example.com,jennifer20,w%02Kjpm,1978-10-16,suspended
215,Angela Martinez,kelli42@example.net,scott55,iH_9C_yX,1989-06-19,suspended
216,Caitlin Hopkins,greenrobert@example.org,gpearson,&)33SMGp,2003-11-27,suspended
217,Tracy Pierce,barbaracarson@example.net,brennanstacey,LI8W#2Oy,1970-06-16,inactive
218,Trevor Zamora II,icox@example.org,qgarcia,X0*8IdCp,1977-02-26,suspended
219,Jonathan Roberts,jacobsonnicole@example.org,scott20,!jD0MLvQ,1981-04-28,inactive
220,Daryl Parks,jasoncarrillo@example.net,ibartlett,+5k9rVzB,1975-03-05,inactive
221,Russell Mcgee,frederick59@example.com,debrahopkins,^97S0ywh,1963-06-07,inactive
222,Yvette Wilson,johnadams@example.com,jnicholson,l**9IoQn,1959-01-30,active
223,Joseph Perez,xbright@example.org,kmack,#gq4CRuU,1963-09-16,inactive
224,Carla Vasquez,rebeccahanson@example.net,fisherkarina,)1fTvhxY,1960-06-02,active
225,James Peters,wellsjohn@example.com,emcdowell,*b8v5Ogc,1972-06-01,inactive
226,Traci Perez,larry77@example.net,richard91,U(7RFehR,1994-12-23,inactive
227,Taylor Barton,browndaniel@example.org,davidallen,@M9YXZQn,1964-02-07,suspended
228,Erin Olson,martin22@example.com,emma54,q$8BvPX8,1970-10-20,suspended
229,Christopher Snow,sharon33@example.com,christopher11,+at9ZqZs,2006-11-01,inactive
230,Gregory Johnson,millerderek@example.net,kimberlyreynolds,$!6&PhHI,1986-05-04,suspended
231,Mary Cannon,ythomas@example.com,smithdylan,g)t9mTvX,1988-06-05,suspended
232,Tracey Taylor,fwells@example.net,jeffersonapril,w+TH4Ip),1988-03-14,inactive
233,Jonathan Gonzalez,glenn97@example.org,ngarcia,)^*8#7Up,1984-12-12,active
234,Vincent Haney,amandapearson@example.com,robert08,#1bApbwx,1962-02-26,active
235,Matthew King,terrytammy@example.net,mitchellbrett,%6c0Q3d@,1974-06-11,inactive
236,John Wilson,amanda92@example.org,jacquelinecampbell,(9MBWg7h,1967-04-12,suspended
237,Heather Jones,dbray@example.org,barbara79,4T!8maPh,1993-12-23,suspended
238,Amber Simmons,jenniferwilson@example.net,esmith,_+8*L1lI,1959-09-07,active
239,Nathan Anderson,sandersrobert@example.net,jennifer86,io*6BsxI,1995-05-12,inactive
240,Malik Walls,bellerik@example.org,dean53,Pt9)5HbB,1975-10-31,active
241,John Brown,srivera@example.com,nelsontimothy,Hy(0FeTk,1964-04-05,active
242,Jessica Garcia,trichards@example.net,edwardwagner,_3O0FzLv,1969-12-13,suspended
243,Richard Hawkins,steven34@example.net,whansen,+02J*#dQ,1971-12-26,suspended
244,Tiffany Peterson,erodriguez@example.net,laurenmarquez,8&7OTvrh,2007-02-28,inactive
245,Barbara Gonzalez,tuckerashley@example.net,zbenton,*x_5SHi),1963-08-10,inactive
246,Shirley Mcclain,glennjocelyn@example.org,thompsonluis,b!9WV6tz,2001-02-24,active
247,Natalie Moss,baileyblake@example.com,fmcmahon,)6Wq%Xre,1965-10-21,active
248,Jake Thompson,joseph48@example.org,lcarrillo,&K1SAbe7,1980-07-10,active
249,Crystal Reese,larryvaughan@example.org,trujillodakota,r)0Bz%iv,1974-05-13,active
250,Jean Walls,oadams@example.org,brian99,)4FAfn&Z,1995-12-06,inactive
251,Sandra Mullins,rebeccaweaver@example.com,xingram,$0Zq^QsJ,1979-12-15,suspended
252,Gerald Moore,johnhebert@example.com,kellyconley,_T4HL!oH,1975-11-26,active
253,Brooke Mayer,bridgetjohnson@example.org,haynescynthia,3(9EP2aR,1970-01-22,active
254,Molly Bennett,graysuzanne@example.org,christopher50,@r58V&Mn,1957-03-04,inactive
